<select name="cswhosts">
	<option value="http://geomatics.nlr.nl/excat/csw">eXcat@nlr</option>
	<option value="http://dinolks03.nitg.tno.nl/excat/csw">eXcat@tno</option>
	<option value="http://www.geodata.alterra.nl/excat/csw">eXcat@alterra</option>
	<option value="http://geonovum.nitg.tno.nl:8080/geonetwork/srv/en/csw">Geonovum</option>
	<option value="http://data.gov.uk/csw">data.gov.uk</option>
	<option value="http://147.102.12.234/csw">data.gov.gr</option>
	<option value="http://idee.unizar.es/csw/servlet/cswservlet?service=csw">idee.unizar.es</option>
</select>
